Year;Title;Authors;Abstract;Keywords
2025;Understanding Privacy Norms through Web Forms;Hao Cui, Rahmadi Trimananda, and Athina Markopoulou;Web forms are one of the primary ways to collect personal information online, yet they are relatively under-studied. Unlike web tracking, data collection through web forms is explicit and contextualized. Users (i) are asked to input specific personal information types, and (ii) know the specific context (i.e., on which website and for what purpose). For web forms to be trusted by users, they must meet the common sense standards of appropriate data collection practices within a particular context (i.e., privacy norms). In this paper, we extract the privacy norms embedded within web forms through a measurement study. First, we build a specialized crawler to discover web forms on websites. We run it on 11,500 popular websites, and we create a dataset of 293K web forms. Second, to process data of this scale, we develop a cost-efficient way to annotate web forms with form types and personal information types, using text classifiers trained with assistance of large language models (LLMs). Third, by analyzing the annotated dataset, we reveal common patterns of data collection practices. We find that (i) these patterns are explained by functional necessities and legal obligations, thus reflecting privacy norms, and that (ii) deviations from the observed norms often signal unnecessary data collection. In addition, we analyze the privacy policies that accompany web forms. We show that, despite their wide adoption and use, there is a disconnect between privacy policy disclosures and the observed privacy norms.;Web form, privacy norm, privacy policy, measurement
2025;How Unique is Whose Web Browser? The role of demographics in browser fingerprinting among US users;Alex Berke, Badih Ghazi, Enrico Bacis, Pritish Kamath, Ravi Kumar, Robin Lassonde, Pasin Manurangsi, and Umar Syed;"Browser fingerprinting can be used to identify and track users across the Web, even without cookies, by collecting attributes from users' devices to create unique ""fingerprints"". This technique and resulting privacy risks have been studied for over a decade. Yet further research is limited because prior studies used data not publicly available. Additionally, data in prior studies lacked user demographics. Here we provide a first-of-its-kind dataset to enable further research. It includes browser attributes with users' demographics and survey responses, collected with informed consent from 8,400 US study participants. We use this dataset to demonstrate how fingerprinting risks differ across demographic groups. For example, we find lower income users are more at risk, and find that as users' age increases, they are both more likely to be concerned about fingerprinting and at real risk of fingerprinting. Furthermore, we demonstrate an overlooked risk: user demographics, such as gender, age, income level and race, can be inferred from browser attributes commonly used for fingerprinting, and we identify which browser attributes most contribute to this risk. Our data collection process also conducted an experiment to study what impacts users' likelihood to share browser data for open research, in order to inform future data collection efforts, with responses from 12,461 total participants. Female participants were significantly less likely to share their browser data, as were participants who were shown the browser data we asked to collect. Overall, we show the important role of user demographics in the ongoing work that intends to assess fingerprinting risks and improve user privacy, with findings to inform future privacy enhancing browser developments. The dataset and data collection tool we provide can be used to further study research questions not addressed in this work.";browser fingerprinting, tracking, privacy, open data
2025;Beyond the Request: Harnessing HTTP Response Headers for Cross-Browser Web Tracker Classification in an Imbalanced Setting;Wolf Rieder, Philip Raschke, and Thomas Cory;The World Wide Web’s connectivity is greatly attributed to the HTTP protocol, with HTTP messages offering informative header fields that appeal to disciplines like web security and privacy, especially concerning web tracking. Despite existing research employing HTTP request messages to identify web trackers, HTTP response headers are often overlooked. This study endeavors to design effective machine learning classifiers for web tracker detection using binarized HTTP response headers. Data from the Chrome, Firefox, and Brave browsers, obtained through the traffic monitoring browser extension T.EX, serves as our dataset. Ten supervised models were trained on Chrome data and tested across all browsers, including a Chrome dataset from a year later. The results demonstrated high accuracy, F1-score, precision, recall, and minimal log-loss error for Chrome and Firefox, but subpar performance on Brave, potentially due to its distinct data distribution and feature set. The research suggests that these classifiers are viable for web tracker detection. However, real-world application testing remains pending, and the distinction between tracker types and broader label sources could be explored in future studies.;Web Privacy, Web Tracking, Web Privacy Measurement, HTTP Response Header, Machine Learning
Volume 2024;Generalizable Active Privacy Choice: Designing a Graphical User Interface for Global Privacy Control;Sebastian Zimmeck, Eliza Kuller, Chunyue Ma, Bella Tassone, Joe Champeau ;The California Consumer Privacy Act and other privacy laws give people a right to opt out of the sale and sharing of personal information. In combination with privacy preference signals, especially, Global Privacy Control (GPC), such rights have the potential to empower people to assert control over their data. However, many laws prohibit opt out settings being turned on by default. The resulting usability challenges for people to exercise their rights motivate generalizable active privacy choice --- an interface design principle to make opt out settings usable without defaults. It is based on the idea of generalizing one individual opt out choice towards a larger set of choices. For example, people may apply an opt out choice on one site towards a larger set of sites. We explore generalizable active privacy choice in the context of GPC. We design and implement nine privacy choice schemes in a browser extension and explore them in a usability study with 410 participants. We find that generalizability features tend to decrease opt out utility slightly. However, at the same time, they increase opt out efficiency and make opting out less disruptive, which was more important to most participants. For the least disruptive scheme, selecting website categories to opt out from, 98% of participants expressed not feeling disrupted, a 40% point increase over the baseline schemes. 83% of participants understood the meaning of GPC. They also made their opt out choices with intent and, thus, in a legally relevant manner. To help people exercise their opt out rights via GPC our results support the adoption of a generalizable active privacy choice interface in web browsers.;Opt Out, Privacy Choice, Privacy Rights, Privacy Laws, Global Privacy Control, GPC, Do Not Sell, Do Not Track, DNT, Privacy Preference Signals, Usability, CCPA, CPRA, Web Privacy
Volume 2024;CoStricTor: Collaborative HTTP Strict Transport Security in Tor Browser;Killian Davitt, Dan Ristea, Duncan Russell, Steven J. Murdoch ;HTTP Strict Transport Security (HSTS) is a widely-deployed security feature in modern web browsing. It is also, however, a potential vector for user tracking and surveillance. Tor Browser, a web browser primarily concerned with online anonymity, disables HSTS as a result of this tracking potential. We present the CoStricTor protocol which crowdsources HSTS data among Tor Browser clients. It gives Tor Browser users increased resistance to man-in-the-middle attacks without exposing them to HSTS tracking. Our protocol adapts other privacy-preserving data aggregation algorithms to share data effectively among users with strong local differential privacy guarantees. The CoStricTor protocol resists denial of service attacks by design through our innovative use of Bloom filters to represent complementary data. Our simulations show our protocol can model up to 150,000 websites, providing 10,000 upgrades to HSTS for users.;anonymous communications, differential privacy, web privacy
Volume 2024;Website Data Transparency in the Browser;Sebastian Zimmeck, Daniel Goldelman, Owen Kaplan, Logan Brown, Justin Casler, Judeley Jean-Charles, Joe Champeau, Hamza Harkous ;Data collection by websites and their integrated third parties is often not transparent. We design privacy interfaces for the browser to help people understand who is collecting which data from them. In a proof of concept browser extension, Privacy Pioneer, we implement a privacy popup, a privacy history interface, and a watchlist to notify people when their data is collected. For detecting location data collection, we develop a machine learning model based on TinyBERT, which reaches an average F1 score of 0.94. We supplement our model with deterministic methods to detect trackers, collection of personal data, and other monetization techniques. In a usability study with 100 participants 82% found Privacy Pioneer easy to understand and 90% found it useful indicating the value of privacy interfaces directly integrated in the browser.;Web Privacy, Data Transparency, Privacy Dashboards, Notice and Choice, Consent, Privacy Labels, Usability, Privacy Enhancing Technologies, Web Traffic Analysis, BERT, Machine Learning
Volume 2024;Client-side and Server-side Tracking on Meta: Effectiveness and Accuracy;Asmaa El fraihi, Nardjes Amieur, Walter Rudametkin, Oana Goga ;Growing concern over digital privacy has led to the widespread use of tracking restriction tools, such as ad blockers, Virtual Private Networks (VPN), and privacy-focused web browsers. All major browser vendors have also deprecated, or plan to deprecate, third-party cookies to reduce tracking. Despite these efforts, advertising companies continuously innovate to overcome these restrictions. Recently, advertising platforms, like Meta, have been promoting server-side tracking solutions to bypass traditional browser-based tracking restrictions.;Server-side tracking, third-party cookies, client-side tracking, Meta Pixel, Conversions API, cross-website tracking, retargeting, browser and device fingerprinting
Volume 2024;FP-tracer: Fine-grained Browser Fingerprinting Detection via Taint-tracking and Entropy-based Thresholds;Soumaya Boussaha, Lukas Hock, Miguel Bermejo, Ruben Cuevas Rumin, Angel Cuevas Rumin, David Klein, Martin Johns, Luca Compagna, Daniele Antonioli, Thomas Barber ;Browser fingerprinting is an effective technique to track web users by building a fingerprint from their browser attributes. It is also stealthy because the tracker uses legitimate JavaScript API calls offered by the browser engine, which can be obfuscated before they are sent to a (third-party) server. Current browser fingerprinting methodologies employ coarse-grained collection and classification techniques, such as binary classification of fingerprinters based on the number of non-obfuscated exfiltrated attributes. As a result, they produce inconsistent findings. Meanwhile, the privacy of millions of web users is at risk daily. We address this gap by presenting FP-tracer, a novel methodology to detect and classify browser fingerprinters based on dynamic taint tracking and joint entropy classification. Our methodology enables detecting first- and third-party fingerprinters even when they use obfuscation by tainting attributes, propagating them, and logging when they are leaked (via 62 sources and 25 sinks). Moreover, it discriminates the invasiveness of fingerprinting activities, even from the same service, by measuring the joint entropy of the collected attributes and clustering them. We implement FP-tracer by extending Foxhound, a privacy-oriented Firefox fork with numeric type tainting, more taint tracking sources and sinks, support for multiple sources, and better logging capabilities. We embed our implementation in our automated crawling infrastructure, which is capable of testing websites in parallel using programmable and reproducible logic. We will open-source our implementation. We evaluate FP-tracer by performing a large-scale crawl over the Tranco Top 100K, and detect, amongst others, audio, canvas, and storage fingerprinting on the web. Among others, we find high fingerprinting activities in 8% of domains, with more moderate activity reaching 75%. Notably, fingerprinting is almost five times more likely to be performed by third-party scripts for high activity levels. In addition, we measure that the most severe category of fingerprinting obfuscates 46% of transmitted attributes, and 38% of fingerprinters involve two or more domains. Finally, we find that existing consent banners do not provide an effective defense against browser fingerprinting;Browser fingerprinting, Tainting, JavaScript, Privacy, Entropy, GDPR
Volume 2024;What Does It Mean to Be Creepy? Responses to Visualizations of Personal Browsing Activity, Online Tracking, and Targeted Ads;Nathan Reitinger, Bruce Wen, Michelle Mazurek, Blase Ur ;Internet companies routinely follow users around the web, building profiles for ad targeting based on inferred attributes. Prior work has shown that these practices, generally, are creepy—but what does that mean?  To help answer this question, we substantially revised an open-source browser extension built to observe a user's browsing behavior and present them with a tracker's perspective of that behavior. Our updated extension models possible interest inferences far more accurately, integrates data scraped from the user's Google ad dashboard, and summarizes ads the user was shown. Most critically, it introduces ten novel visualizations that show implications of the collected data, both the mundane (e.g., total number of ads you've been served) and the provocative (e.g., your interest in reproductive health, a potentially sensitive topic). We use our extension as a design probe in a week-long field study with 200 participants. We find that users do perceive online tracking as creepy—but that the meaning of creepiness is far from universal. Participants felt differently about creepiness even when their data presented similar visualizations, and even when responding to the most potentially provocative visualizations—in no case did more than 66% of participants agree that any one visualization was creepy.;Web Tracking, Transparency, Usable Privacy, User Study
Volume 2024;The Devil is in the Details: Detection, Measurement and Lawfulness of Server-Side Tracking on the Web;Imane Fouad, Cristiana Santos, Pierre Laperdrix ;As online privacy is cementing itself as one of the core pillars of the Internet, major changes are happening across many industries. On the technological side, users are pushing for more privacy-preserving technologies and rely on browsers and extensions that limit online tracking as much as possible. On the legal front, regulations like GDPR and the ePrivacy Directive in Europe have forced companies to change their practices and be more transparent about how they handle user data. For the ad industry, the end of third-party cookies planned for 2025 is having severe ramifications as the main source of data on which this industry is built on will be gone. In this tumultuous context, companies have come up with innovative ways to overcome current and future restrictions. A novel technique which has not received much attention called Server-side tracking (SST) moves its tracking logic away from the user's device onto an external server. In this work, our aim is to detect SST on the web and understand its lawfulness with respect to current legislation. We developed a methodology that relies on crawls spaced 2 years apart performed before and after the introduction of SST to identify trackers that moved behind SST domains and that are now hidden from view. Our results show that 389, out of 7,367 visited websites, track users behind a cloaked domain and that 28 websites perform Server-side tracking in a first-party capacity. We demonstrate that such a tracking technique can overcome the Same-Origin Policy and introduce security vulnerabilities. Together with a legal scholar, we also show that SST entails non-compliant practices and infringes the GDPR and the ePrivacy Directive.;Server side tracking, CNAME tracking, GDPR, ePD
Volume 2024;Evaluating Google's Protected Audience Protocol;Minjun Long, David Evans ;While third-party cookies have been a key component of the digital marketing ecosystem for years, the way they allow users to be tracked across web sites raises serious privacy concerns. Google has proposed the Privacy Sandbox initiative to enable ad targeting without third-party cookies. While there have been several studies focused on other parts of this initiative, there has been little analysis to date as to how well the system achieves the intended goal of preventing request linking. This work focuses on analyzing linkage privacy risks for the reporting mechanisms proposed in the Protected Audience (PrAu) proposal (previously known as FLEDGE), which is intended to enable online remarketing without using third-party cookies. In this work, we summarize the overall workflow of PrAu and highlight potential privacy risks associated with its proposed design. We focus on scenarios in which adversaries attempt to link two requests to different sites to the same user and show that a realistic adversary would be still able to use the privacy-protected reporting mechanisms to link user requests and conduct mass surveillance, even with correct implementations of all the currently proposed privacy mechanisms.;web privacy, Google's Privacy Sandbox, information leakage, online tracking
Volume 2023;Privacy Rarely Considered: Exploring Considerations in the Adoption of Third-Party Services by Websites;Christine Utz, Sabrina Amft, Martin Degeling, Thorsten Holz, Sascha Fahl, Florian Schaub ;Modern websites frequently use and embed third-party services to facilitate web development, connect to social media, or for monetization. This often introduces privacy issues as the inclusion of third-party services on a website can allow the third party to collect personal data about the website's visitors. While the prevalence and mechanisms of third-party web tracking have been widely studied, little is known about the decision processes that lead to websites using third-party functionality and whether efforts are being made to protect their visitors' privacy. We report results from an online survey with 395 participants involved in the creation and maintenance of websites. For ten common website functionalities we investigated if privacy has played a role in decisions about how the functionality is integrated, if specific efforts for privacy protection have been made during integration, and to what degree people are aware of data collection through third parties. We find that ease of integration drives third-party adoption but visitor privacy is considered if there are legal requirements or respective guidelines. Awareness of data collection and privacy risks is higher if the collection is directly associated with the purpose for which the third-party service is used.;web privacy, web tracking, third parties, survey
Volume 2023;Usability and Enforceability of Global Privacy Control;Sebastian Zimmeck, Oliver Wang, Kuba Alicki, Jocelyn Wang, Sophie Eng ;Web tracking by ad networks and other data-driven businesses is often privacy-invasive. Privacy laws, such as the California Consumer Privacy Act, aim to give people more control over their data. In particular, they provide a right to opt out from web tracking via privacy preference signals, notably Global Privacy Control (GPC). GPC holds the promise of enabling people to exercise their opt out rights on the web. Broad adoption of GPC hinges on its usability. In a usability survey we find that 94% of the participants would turn on GPC indicating a need for such efficient and effective opt out mechanism. 81% of the participants in our survey also have a correct understanding of what GPC does ensuring that their intent is accurately represented by their choice. The effectiveness of GPC is dependent on whether websites' GPC compliance can be enforced. A site's GPC compliance can be analyzed based on privacy flags, such as the US Privacy String, which is used on many sites to indicate the opt out status of a web user. Leveraging the US Privacy String for GPC purposes we implement a proof-of-concept browser extension that successfully and correctly analyzes sites' GPC compliance at a rate of 89%. We further implement a web crawler for our browser extension demonstrating that our analysis approach is scalable. We find that many sites do not respect GPC opt out signals despite being legally obligated to do so. Only 54/464 (12%) sites with a US Privacy String opt out users after having received a GPC signal.;Global Privacy Control, GPC, Do Not Sell, Do Not Share, Do Not Track, DNT, Opt Out, Privacy Preference Signals, Privacy Choice, Privacy Rights, CCPA, CPRA, Privacy Law, Usability, Web Privacy
Volume 2023;Comparing Large-Scale Privacy and Security Notifications;Christine Utz, Matthias Michels, Martin Degeling, Ninja Marnau, Ben Stock ;Over the last decade, web security research has used notification campaigns as a tool to help web operators fix security problems or stop infrastructure abuse. First attempts at applying this approach to privacy issues focused on single services or vendors. Hence, little is known if notifications can also raise awareness and encourage remediation of more complex, vendor-independent violations of privacy legislation at scale, such as informed consent to cookie usage under the EU's ePrivacy Directive or the General Data Protection Regulation's requirement for a privacy policy. It is also unclear how privacy notifications perform and are perceived compared to those about security vulnerabilities. To fill this research gap, we conduct a large-scale, automated email notification study with more than 115K websites we notify about lack of a privacy policy, use of third-party cookies without or before informed consent, and input forms for personal data that do not use HTTPS. We investigate the impact of warnings about fines and compare the results with security notifications to more than 40K domains about openly accessible Git repositories. Based on our measurements and interactions with operators through email and a survey, we find that notifications about privacy issues are not as well received as security notifications.  They result in lower fix rates, less incentive to take immediate action, and more negative feedback. Specific reasons include a lack of awareness and knowledge of privacy laws' applicability, difficulties to pinpoint the problem, and limited intrinsic motivation.;web privacy, notification study, GDPR, ePrivacy, cookie consent
Volume 2023;On the Robustness of Topics API to a Re-Identification Attack;Nikhil Jha, Martino Trevisan, Emilio Leonardi, Marco Mellia ;Web tracking through third-party cookies is considered a threat to users' privacy and is supposed to be abandoned in the near future. Recently, Google proposed the Topics API framework as a privacy-friendly alternative for behavioural advertising. Using this approach, the browser builds a user profile based on navigation history, which advertisers can access. The Topics API has the possibility of becoming the new standard for behavioural advertising, thus it is necessary to fully understand its operation and find possible limitations. This paper evaluates the robustness of the Topics API to a re-identification attack where an attacker reconstructs the user profile by accumulating user's exposed topics over time to later re-identify the same user on a different website. Using real traffic traces and realistic population models, we find that the Topics API mitigates but cannot prevent re-identification to take place, as there is a sizeable chance that a user's profile is unique within a website's audience. Consequently, the probability of correct re-identification can reach 15-17%, considering a pool of 1,000 users. We offer the code and data we use in this work to stimulate further studies and the tuning of the Topic API parameters.;web privacy, anonymity, behavioral advertising, topics api
Volume 2023;Your DRM Can Watch You Too: Exploring the Privacy Implications of Browsers (mis)Implementations of Widevine EME;Gwendal Patat, Mohamed Sabt, Pierre-Alain Fouque ;Thanks to HTML5, users can now view videos on Web browsers without installing plug-ins or relying on specific devices. In 2017, W3C published Encrypted Media Extensions (EME) as the first official Web standard for Digital Rights Management (DRM), with the overarching goal of allowing seamless integration of DRM systems on browsers. EME has prompted numerous voices of dissent with respect to the inadequate protection of users. Of particular interest, privacy concerns were articulated, especially that DRM systems inherently require uniquely identifying information on users' devices to control content distribution better. Despite this anecdotal evidence, we lack a comprehensive overview of how browsers have supported EME in practice and what privacy implications are caused by their implementations. In this paper, we fill this gap by investigating privacy leakage caused by EME relying on proprietary and closed-source DRM systems. We focus on Google Widevine because of its versatility and wide adoption. We conduct empirical experiments to show that browsers diverge when complying EME privacy guidelines, which might undermine users' privacy. For instance, we find that many browsers gladly give away the identifying Widevine Client ID with no or little explicit consent from users. Moreover, we characterize the privacy risks of users tracking when browsers miss applying EME guidelines regarding privacy. Because of being closed-source, our work involves reverse engineering to dissect the contents of EME messages as instantiated by Widevine. Finally, we implement EME Track, a tool that automatically exploits bad Widevine-based implementations to break privacy.;Web Privacy, Web Tracking, DRM, EME, Widevine
Volume 2022;OmniCrawl: Comprehensive Measurement of Web Tracking With Real Desktop and Mobile Browsers;Darion Cassel, Su-Chin Lin, Alessio Buraggina, William Wang, Andrew Zhang, Lujo Bauer, Hsu-Chun Hsiao, Limin Jia, Timothy Libert ;Over half of all visits to websites now take place in a mobile browser, yet the majority of web privacy studies take the vantage point of desktop browsers, use emulated mobile browsers, or focus on just a single mobile browser instead. In this paper, we present a comprehensive web-tracking measurement study on mobile browsers and privacy-focused mobile browsers. Our study leverages a new web measurement infrastructure, OmniCrawl, which we develop to drive browsers on desktop computers and smartphones located on two continents. We capture web tracking measurements using 42 different non-emulated browsers simultaneously. We find that the third-party advertising and tracking ecosystem of mobile browsers is more similar to that of desktop browsers than previous findings suggested. We study privacy-focused browsers and find their protections differ significantly and in general are less for lower-ranked sites. Our findings also show that common methodological choices made by web measurement studies, such as the use of emulated mobile browsers and Selenium, can lead to website behavior that deviates from what actual users experience.;Web tracking, web measurement, user privacy, mobile browsers, tracking protection
Volume 2022;Are iPhones Really Better for Privacy? A Comparative Study of iOS and Android Apps;Konrad Kollnig, Anastasia Shuba, Reuben Binns, Max Van Kleek, Nigel Shadbolt ;While many studies have looked at privacy properties of the Android and Google Play app ecosystem, comparatively much less is known about iOS and the Apple App Store, the most widely used ecosystem in the US. At the same time, there is increasing competition around privacy between these smartphone operating system providers. In this paper, we present a study of 24k Android and iOS apps from 2020 along several dimensions relating to user privacy. We find that thirdparty tracking and the sharing of unique user identifiers was widespread in apps from both ecosystems, even in apps aimed at children. In the children’s category, iOS apps tended to use fewer advertising-related tracking than their Android counterparts, but could more often access children’s location. Across all studied apps, our study highlights widespread potential violations of US, EU and UK privacy law, including 1) the use of third-party tracking without user consent, 2) the lack of parental consent before sharing personally identifiable information (PII) with third-parties in children’s apps, 3) the non-data-minimising configuration of tracking libraries, 4) the sending of personal data to countries without an adequate level of data protection, and 5) the continued absence of transparency around tracking, partly due to design decisions by Apple and Google. Overall, we find that neither platform is clearly better than the other for privacy across the dimensions we studied.;privacy, apps, Android, iOS, Apple, Google
Volume 2022;Who Knows I Like Jelly Beans? An Investigation Into Search Privacy;Daniel Kats, David Luz Silva, Johann Roturier ;Internal site search is an integral part of how users navigate modern sites, from restaurant reservations to house hunting to searching for medical solutions. Search terms on these sites may contain sensitive information such as location, medical information, or sexual preferences─ when further coupled with a user’s IP address or a browser’s user agent string, this information can become very specific, and in some cases possibly identifying. In this paper, we measure the various ways by which search terms are sent to third parties when a user submits a search query. We developed a methodology for identifying and interacting with search components, which we implemented on top of an instrumented headless browser. We used this crawler to visit the Tranco top one million websites and analyzed search term leakage across three vectors: URL query parameters, payloads, and the Referer HTTP header. Our crawler found that 512,701 of the top 1 million sites had internal site search. We found that 81.3% of websites containing internal site search sent (or leaked from a user’s perspective) our search terms to third parties in some form. We then compared our results to the expected results based on a natural language analysis of the privacy policies of those leaking websites (where available) and found that about 87% of those privacy policies do not mention search terms explicitly. However, about 75% of these privacy policies seem to mention the sharing of some information with third-parties in a generic manner. We then present a few countermeasures, including a browser extension to warn users about imminent search term leakage to third parties. We conclude this paper by making recommendations on clarifying the privacy implications of internal site search to end users.;privacy policy, web tracking, measurement
Volume 2022;FP-Radar: Longitudinal Measurement and Early Detection of Browser Fingerprinting;Pouneh Nikkhah Bahrami, Umar Iqbal, Zubair Shafiq ;Browser fingerprinting is a stateless tracking technique that aims to combine information exposed by multiple different web APIs to create a unique identifier for tracking users across the web. Over the last decade, trackers have abused several existing and newly proposed web APIs to further enhance the browser fingerprint. Existing approaches are limited to detecting a specific fingerprinting technique(s) at a particular point in time. Thus, they are unable to systematically detect novel fingerprinting techniques that abuse different web APIs. In this paper, we propose FP-Radar, a machine learning approach that leverages longitudinal measurements of web API usage on top-100K websites over the last decade for early detection of new and evolving browser fingerprinting techniques. The results show that FP-Radar is able to early detect the abuse of newly introduced properties of already known (e.g., WebGL, Sensor) and as well as previously unknown (e.g., Gamepad, Clipboard) APIs for browser fingerprinting. To the best of our knowledge, FP-Radar is the first to detect the abuse of the Visibility API for ephemeral fingerprinting in the wild.;browser fingerprinting, Wayback Machine, web APIs
Volume 2022;My Cookie is a phoenix: detection, measurement, and lawfulness of cookie respawning with browser fingerprinting;Imane Fouad, Cristiana Santos, Arnaud Legout, Nataliia Bielova ;Stateful and stateless web tracking gathered much attention in the last decade, however they were always measured separately. To the best of our knowledge, our study is the first to detect and measure cookie respawning with browser and machine fingerprinting. We develop a detection methodology that allows us to detect cookies dependency on browser and machine features. Our results show that 1, 150 out of the top 30, 000 Alexa websites deploy this tracking mechanism. We find out that this technique can be used to track users across websites even when third-party cookies are deprecated. Together with a legal scholar, we conclude that cookie respawning with browser fingerprinting lacks legal interpretation under the GDPR and the ePrivacy directive, but its use in practice may breach them, thus subjecting it to fines up to 20 million e.;fingerprinting, cookie respawning, GDPR
Volume 2022;“We may share the number of diaper changes”: A Privacy and Security Analysis of Mobile Child Care Applications;Moritz Gruber, Christian Höfig, Maximilian Golla, Tobias Urban ─ secunet Security Networks AG), Matteo Große-Kampmann );Mobile child care management applications can help child care facilities, preschools, and kindergartens to save time and money by allowing their employees to speed up everyday child care tasks using mobile devices. Such apps often allow child care workers to communicate with parents or guardians, sharing their children’s most private data (e. g., activities, photos, location, developmental aspects, and sometimes even medical information). To offer these services, child care apps require access to very sensitive data of minors that should never be shared over insecure channels and are subject to restrictive privacy laws. This work analyzes the privacy and security of 42 Android child care applications and their cloud-backends using a combination of static and dynamic analysis frameworks, configuration scanners, and inspecting their privacy policies. The results of our analysis show that while children do not use these apps, they can leak sensitive data about them. Alarming are the findings that many third-party (tracking) services are embedded in the applications and that adversaries can access personal data by abusing vulnerabilities in the applications. We hope our work will raise awareness about the privacy risks introduced by these applications and that regulatory authorities will focus more on these risks in the future.;child care, app, management, Android, privacy, security, COPPA, GDPR
Volume 2022;On dark patterns and manipulation of website publishers by CMPs;Michael Toth, Nataliia Bielova, Vincent Roca ;Web technologies and services widely rely on data collection via tracking users on websites. In the EU, the collection of such data requires user consent thanks to the ePrivacy Directive (ePD), and the General Data Protection Regulation (GDPR). To comply with these regulations and integrate consent collection into their websites, website publishers often rely on third-party contractors, called Consent Management Providers (CMPs), that provide consent pop-ups as a service. Since the GDPR came in force in May 2018, the presence of CMPs continuously increased. In our work, we systematically study the installation and configuration process of consent pop-ups and their potential effects on the decision making of the website publishers. We make an in-depth analysis of the configuration process from ten services provided by five popular CMP companies and identify common unethical design choices employed. By analysing CMP services on an empty experimental website, we identify manipulation of website publishers towards subscription to the CMPs paid plans and then determine that default consent pop-ups often violate the law. We also show that configuration options may lead to non-compliance, while tracking scanners offered by CMPs manipulate publishers. Our findings demonstrate the importance of CMPs and design space offered to website publishers, and we raise concerns around the privileged position of CMPs and their strategies influencing website publishers.;cookie banner, consent pop-up, CMP, dark pattern, nudge, sludge, user consent, influence, deceptive design, GDPR compliance, website publishers
Volume 2022;Watch Over Your TV: A Security and Privacy Analysis of the Android TV Ecosystem;Marcos Tileria, Jorge Blasco ;The rapid adoption of Smart TVs has resulted in them becoming another app-based ecosystem. In this context, Android TV is one of the major players as it is widely available across multiple TV manufacturers and has a high integration with other Google products. Yet, the Android TV ecosystem has remained unexplored. This paper presents a deep analysis of the Android TV ecosystem using a large dataset of TV apps. We give an insight into the stakeholder ecosystem, including developers, streaming services, and thirdparty libraries. We analyze the behavior of TV apps in terms of sensitive data collection and communication with other devices using a pipeline of static analysis tools, network traffic collection, and verification via manual analysis. We compare the mobile and TV version of popular streaming apps and found a significant degradation of TV apps in terms of quality and different data collection practices. Our study shows that most TV apps present potentially harmful behaviors, and in most cases, these can be attributed to tracking and advertisement services. We found a prevalence of static identifiers for tracking purposes despite this not being the recommendation. This finding suggests that Google’s new policies limiting advertising identifiers will not have a tangible effect on the TV ecosystem.;Smart TV, privacy, data leakage, tracking, advertising
Volume 2021;Déjà vu: Abusing Browser Cache Headers to Identify and Track Online Users;Vikas Mishra, Pierre Laperdrix, Walter Rudametkin, Romain Rouvoy ;Many browser cache attacks have been proposed in the literature to sniff the user’s browsing history. All of them rely on specific time measurements to infer if a resource is in the cache or not. Unlike the stateof-the-art, this paper reports on a novel cache-based attack that is not a timing attack but that abuses the HTTP cache-control and expires headers to extract the exact date and time when a resource was cached by the browser. The privacy implications are serious as this information can not only be utilized to detect if a website was visited by the user but it can also help build a timeline of the user’s visits. This goes beyond traditional history sniffing attacks as we can observe patterns of visit and model user’s behavior on the web. To evaluate the impact of our attack, we tested it on all major browsers and found that all of them, except the ones based on WebKit, are vulnerable to it. Since our attack requires specific HTTP headers to be present, we also crawled the Tranco Top 100K websites and identified 12, 970 of them can be detected with our approach. Among them, 1, 910 deliver resources that have expiry dates greater than 100 days, enabling long-term user tracking. Finally, we discuss possible defenses at both the browser and standard levels to prevent users from being tracked.;web tracking, web privacy, browser cache
Volume 2021;LogPicker: Strengthening Certificate Transparency Against Covert Adversaries;Alexandra Dirksen, David Klein, Robert Michael, Tilman Stehr, Konrad Rieck, Martin Johns ;HTTPS is a cornerstone of privacy in the modern Web. The public key infrastructure underlying HTTPS, however, is a frequent target of attacks. In several cases, forged certificates have been issued by compromised Certificate Authorities (CA) and used to spy on users at large scale. While the concept of Certificate Transparency (CT) provides a means for detecting such forgeries, it builds on a distributed system of CT logs whose correctness is still insufficiently protected. By compromising a certificate authority and the corresponding log, a covert adversary can still issue rogue certificates unnoticed. We introduce LogPicker, a novel protocol for strengthening the public key infrastructure of HTTPS. LogPicker enables a pool of CT logs to collaborate, where a randomly selected log includes the certificate while the rest witness and testify the certificate issuance process. As a result, CT logs become capable of auditing the log in charge independently without the need for a trusted third party. This auditing forces an attacker to control each participating witness, which significantly raises the bar for issuing rogue certificates. LogPicker is efficient and designed to be deployed incrementally, allowing a smooth transition towards a more secure Web.;web privacy, web pki, secure communication
Volume 2020;A Comparative Measurement Study of Web Tracking on Mobile and Desktop Environments;Zhiju Yang, Chuan Yue ;Web measurement is a powerful approach to studying various tracking practices that may compromise the privacy of millions of users. Researchers have built several measurement frameworks and performed a few studies to measure web tracking on the desktop environment. However, little is known about web tracking on the mobile environment, and no tool is readily available for performing a comparative measurement study on mobile and desktop environments. In this work, we built a framework called WTPatrol that allows us and other researchers to perform web tracking measurement on both mobile and desktop environments. Using WTPatrol, we performed the first comparative measurement study of web tracking on 23,310 websites that have both mobile version and desktop version webpages. We conducted an in-depth comparison of the web tracking practices of those websites between mobile and desktop environments from two perspectives: web tracking based on JavaScript APIs and web tracking based on HTTP cookies. Overall, we found that mobile web tracking has its unique characteristics especially due to mobile-specific trackers, and it has become increasingly as prevalent as desktop web tracking. However, the potential impact of mobile web tracking is more severe than that of desktop web tracking because a user may use a mobile device frequently in different places and be continuously tracked. We further gave some suggestions to web users, developers, and researchers to defend against web tracking.;Web tracking, measurement, user privacy, mobile, JavaScript API
Volume 2020;NoMoATS: Towards Automatic Detection of Mobile Tracking;Anastasia Shuba ), Athina Markopoulou ;Today’s mobile apps employ third-party advertising and tracking (A&T) libraries, which may pose a threat to privacy. State-of-the-art detects and blocks outgoing A&T HTTP/S requests by using manually curated filter lists (e.g. EasyList), and recently, using machine learning approaches. The major bottleneck of both filter lists and classifiers is that they rely on experts and the community to inspect traffic and manually create filter list rules that can then be used to block traffic or label ground truth datasets. We propose NoMoATS – a system that removes this bottleneck by reducing the daunting task of manually creating filter rules, to the much easier and scalable task of labeling A&T libraries. Our system leverages stack trace analysis to automatically label which network requests are generated by A&T libraries. Using NoMoATS, we collect and label a new mobile traffic dataset. We use this dataset to train decision tree classifiers, which can be applied in real-time on the mobile device and achieve an average F-score of 93%. We show that both our automatic labeling and our classifiers discover thousands of requests destined to hundreds of different hosts, previously undetected by popular filter lists. To the best of our knowledge, our system is the first to (1) automatically label which mobile network requests are engaged in A&T, while requiring to only manually label libraries to their purpose and (2) apply on-device machine learning classifiers that operate at the granularity of URLs, can inspect connections across all apps, and detect not only ads, but also tracking.;mobile─ privacy─ tracking─ advertising─ filter lists─ machine learning
Volume 2020;Enhanced Performance and Privacy for TLS over TCP Fast Open;Erik Sy, Tobias Mueller, Christian Burkert, Hannes Federrath, Mathias Fischer ;Small TCP flows make up the majority of web flows. For them, the TCP three-way handshake induces significant delay overhead. The TCP Fast Open (TFO) protocol can significantly decrease this delay via zero round-trip time (0-RTT) handshakes for all TCP handshakes that follow a full initial handshake to the same host. However, this comes at the cost of privacy limitations and also has some performance limitations. In this paper, we investigate the TFP deployment on popular websites and browsers. We found that a client revisiting a web site for the first time fails to use an abbreviated TFO handshake in 40% of all cases due to web server load-balancing using multiple IP addresses. Our analysis further reveals significant privacy problems of the protocol design and implementation. Network-based attackers and online trackers can exploit TFO to track the online activities of users. As a countermeasure, we introduce a novel protocol called TCP Fast Open Privacy (FOP). TCP FOP prevents tracking by network attackers and impedes third-party tracking, while still allowing 0-RTT handshakes as in TFO. As a proof-ofconcept, we have implemented the proposed protocol for the Linux kernel and a TLS library. Our measurements indicate that TCP FOP outperforms TLS over TFO when websites are served from multiple IP addresses.;TCP Fast Open, Online Tracking, Protocol Design
Volume 2020;Multiple Purposes, Multiple Problems: A User Study of Consent Dialogs after GDPR;Dominique Machuletz, Rainer Böhme ;The European Union’s General Data Protection Regulation (GDPR) requires websites to ask for consent to the use of cookies for specific purposes. This enlarges the relevant design space for consent dialogs. Websites could try to maximize click-through rates and positive consent decision, even at the risk of users agreeing to more purposes than intended. We evaluate a practice observed on popular websites by conducting an experiment with one control and two treatment groups (N = 150 university students in two countries). We hypothesize that users’ consent decision is influenced by (1) the number of options, connecting to the theory of choice proliferation, and (2) the presence of a highlighted default button (“select all”), connecting to theories of social norms and deception in consumer research. The results show that participants who see a default button accept cookies for more purposes than the control group, while being less able to correctly recall their choice. After being reminded of their choice, they regret it more often and perceive the consent dialog as more deceptive than the control group. Whether users are presented one or three purposes has no significant effect on their decisions and perceptions. We discuss the results and outline policy implications.;web privacy, user study, consent, cookies, controlled experiment, choice proliferation, deception, privacy paradox, privacy by design, dark patterns
Volume 2020;Missed by Filter Lists: Detecting Unknown Third-Party Trackers with Invisible Pixels;Imane fouad, Nataliia Bielova, Arnaud Legout, Natasa Sarafijanovic-Djukic;Web tracking has been extensively studied over the last decade. To detect tracking, previous studies and user tools rely on filter lists. However, it has been shown that filter lists miss trackers. In this paper, we propose an alternative method to detect trackers inspired by analyzing behavior of invisible pixels. By crawling 84,658 webpages from 8,744 domains, we detect that third-party invisible pixels are widely deployed: they are present on more than 94.51% of domains and constitute 35.66% of all third-party images. We propose a fine-grained behavioral classification of tracking based on the analysis of invisible pixels. We use this classification to detect new categories of tracking and uncover new collaborations between domains on the full dataset of 4, 216, 454 third-party requests. We demonstrate that two popular methods to detect tracking, based on EasyList&EasyPrivacy and on Disconnect lists respectively miss 25.22% and 30.34% of the trackers that we detect. Moreover, we find that if we combine all three lists, 379, 245 requests originated from 8,744 domains still track users on 68.70% of websites.;online tracking─ ad-blocker─ cookie synching─ invisible pixels
Volume 2020;Long-Term Observation on Browser Fingerprinting: Users’ Trackability and Perspective;Gaston Pugliese, Christian Riess, Freya Gassmann, Zinaida Benenson ;Browser fingerprinting as a tracking technique to recognize users based on their browsers’ unique features or behavior has been known for more than a decade. We present the results of a 3-year online study on browser fingerprinting with more than 1,300 users. This is the first study with ground truth on user level, which allows the assessment of trackability based on fingerprints of multiple browsers and devices per user. Based on our longitudinal observations of 88,000 measurements with over 300 considered browser features, we optimized feature sets for mobile and desktop devices. Further, we conducted two user surveys to determine the representativeness of our user sample based on users’ demographics and technical background, and to learn how users perceive browser fingerprinting and how they protect themselves.;browser fingerprinting, tracking, privacy
Volume 2020;In-Depth Evaluation of Redirect Tracking and Link Usage;Martin Koop, Erik Tews, Stefan Katzenbeisser ;In today’s web, information gathering on users’ online behavior takes a major role. Advertisers use different tracking techniques that invade users’ privacy by collecting data on their browsing activities and interests. To preventing this threat, various privacy tools are available that try to block third-party elements. However, there exist various tracking techniques that are not covered by those tools, such as redirect link tracking. Here, tracking is hidden in ordinary website links pointing to further content. By clicking those links, or by automatic URL redirects, the user is being redirected through a chain of potential tracking servers not visible to the user. In this scenario, the tracker collects valuable data about the content, topic, or user interests of the website. Additionally, the tracker sets not only thirdparty but also first-party tracking cookies which are far more difficult to block by browser settings and ad-block tools. Since the user is forced to follow the redirect, tracking is inevitable and a chain of (redirect) tracking servers gain more insights in the users’ behavior. In this work we present the first large scale study on the threat of redirect link tracking. By crawling the Alexa top 50k websites and following up to 34 page links, we recorded traces of HTTP requests from 1.2 million individual visits of websites as well as analyzed 108,435 redirect chains originating from links clicked on those websites. We evaluate the derived redirect network on its tracking ability and demonstrate that top trackers are able to identify the user on the most visited websites. We also show that 11.6% of the scanned websites use one of the top 100 redirectors which are able to store nonblocked first-party tracking cookies on users’ machines even when third-party cookies are disabled. Moreover, we present the effect of various browser cookie settings, resulting in a privacy loss even when using third-party blocking tools.;Tracking, Redirect, Privacy, Browser
Volume 2019;4 Years of EU Cookie Law: Results and Lessons Learned;Martino Trevisan, Stefano Traverso, Eleonora Bassi, Marco Mellia ;Personalized advertisement has changed the web. It lets websites monetize the content they offer. The downside is the continuous collection of personal information with significant threats to personal privacy. In 2002, the European Union (EU) introduced a first set of regulations on the use of online tracking technologies. It aimed, among other things, to make online tracking mechanisms explicit to increase privacy awareness among users. Amended in 2009, the EU Directive mandates websites to ask for informed consent before using any kind of profiling technology, e.g., cookies. Since 2013, the ePrivacy Directive became mandatory, and each EU Member State transposed it in national legislation. Since then, most of European websites embed a “Cookie Bar”, the most visible effect of the regulation. In this paper, we run a large-scale measurement campaign to check the current implementation status of the EU cookie directive. For this, we use CookieCheck, a simple tool to automatically verify legislation violations. Results depict a shady picture: 49 % of websites do not respect the Directive and install profiling cookies before any user’s consent is given. Beside presenting a detailed picture, this paper casts lights on the difficulty of legislator attempts to regulate the troubled marriage between ad-supported web services and their users. In this picture, online privacy seems to be continuously at stake, and it is hard to reach transparency.;Privacy, Web Tracking, Cookie Law, ePrivacy Directive.
Volume 2019;A QUIC Look at Web Tracking;Erik Sy, Christian Burkert, Hannes Federrath, Mathias Fischer ;QUIC has been developed by Google to improve the transport performance of HTTPS traffic. It currently accounts for approx. 7% of the global Internet traffic. In this work, we investigate the feasibility of user tracking via QUIC from the perspective of an online service. Our analysis reveals that the protocol design contains violations of privacy best practices through which a tracker can passively and uniquely identify clients across several connections. This tracking mechanisms can achieve reduced delays and bandwidth requirements compared to conventional browser fingerprinting or HTTP cookies. This allows them to be applied in resource- or time-constrained scenarios such as real-time biddings in online advertising. To validate this finding, we investigated browsers which enable QUIC by default, e.g., Google Chrome. Our results suggest that the analyzed browsers do not provide protective measures against tracking via QUIC. However, the introduced mechanisms reset during a browser restart, which clears the cached connection data and thus limits achievable tracking periods. To mitigate the identified privacy issues, we propose changes to QUIC’s protocol design, the operation of QUIC-enabled web servers, and browser implementations.;QUIC Transport Protocol, Network Security, Protocol Design, Privacy Protections, Browser Measurements
Volume 2018;I never signed up for this! Privacy implications of email tracking;Steven Englehardt, Jeffrey Han, Arvind Narayanan ;We show that the simple act of viewing emails contains privacy pitfalls for the unwary. We assembled a corpus of commercial mailing-list emails, and find a network of hundreds of third parties that track email recipients via methods such as embedded pixels. About 30% of emails leak the recipient’s email address to one or more of these third parties when they are viewed. In the majority of cases, these leaks are intentional on the part of email senders, and further leaks occur if the recipient clicks links in emails. Mail servers and clients may employ a variety of defenses, but we analyze 16 servers and clients and find that they are far from comprehensive. We propose, prototype, and evaluate a new defense, namely stripping tracking tags from emails based on enhanced versions of existing web tracking protection lists.;
Volume 2018;“Won’t Somebody Think of the Children?” Examining COPPA Compliance at Scale;Irwin Reyes, Primal Wijesekera, Joel Reardon, Amit Elazari Bar On, Abbas Razaghpanah, Narseo Vallina-Rodriguez, Serge Egelman ;We present a scalable dynamic analysis framework that allows for the automatic evaluation of the privacy behaviors of Android apps. We use our system to analyze mobile apps’ compliance with the Children’s Online Privacy Protection Act (COPPA), one of the few stringent privacy laws in the U.S. Based on our automated analysis of 5,855 of the most popular free children’s apps, we found that a majority are potentially in violation of COPPA, mainly due to their use of thirdparty SDKs. While many of these SDKs offer configuration options to respect COPPA by disabling tracking and behavioral advertising, our data suggest that a majority of apps either do not make use of these options or incorrectly propagate them across mediation SDKs. Worse, we observed that 19% of children’s apps collect identifiers or other personally identifiable information (PII) via SDKs whose terms of service outright prohibit their use in child-directed apps. Finally, we show that efforts by Google to limit tracking through the use of a resettable advertising ID have had little success: of the 3,454 apps that share the resettable ID with advertisers, 66% transmit other, non-resettable, persistent identifiers as well, negating any intended privacy-preserving properties of the advertising ID.;
Volume 2018;When the cookie meets the blockchain: Privacy risks of web payments via cryptocurrencies;Steven Goldfeder, Harry Kalodner, Dillon Reisman, Arvind Narayanan ;We show how third-party web trackers can deanonymize users of cryptocurrencies. We present two distinct but complementary attacks. On most shopping websites, third party trackers receive information about user purchases for purposes of advertising and analytics. We show that, if the user pays using a cryptocurrency, trackers typically possess enough information about the purchase to uniquely identify the transaction on the blockchain, link it to the user’s cookie, and further to the user’s real identity. Our second attack shows that if the tracker is able to link two purchases of the same user to the blockchain in this manner, it can identify the user’s cluster of addresses and transactions on the blockchain, even if the user employs blockchain anonymity techniques such as CoinJoin. The attacks are passive and hence can be retroactively applied to past purchases. We discuss several mitigations, but none are perfect.;
Volume 2016;Fingerprinting Mobile Devices Using Personalized Configurations;Andreas Kurtz ), Hugo Gascon, Tobias Becker ), Konrad Rieck, Felix Freiling );Recently, Apple removed access to various device hardware identifiers that were frequently misused by iOS third-party apps to track users. We are, therefore, now studying the extent to which users of smartphones can still be uniquely identified simply through their personalized device configurations. Using Apple’s iOS as an example, we show how a device fingerprint can be computed using 29 different configuration features. These features can be queried from arbitrary thirdparty apps via the official SDK. Experimental evaluations based on almost 13,000 fingerprints from approximately 8,000 different real-world devices show that (1) all fingerprints are unique and distinguishable─ and (2) utilizing a supervised learning approach allows returning users or their devices to be recognized with a total accuracy of 97% over time.;Fingerprinting, Apple iOS, Mobile Device, Privacy
Volume 2016;(Do Not) Track Me Sometimes: Users’ Contextual Preferences for Web Tracking;William Melicher, Mahmood Sharif, Joshua Tan, Lujo Bauer, Mihai Christodorescu, Pedro Giovanni Leon ;Online trackers compile profiles on users for targeting ads, customizing websites, and selling users’ information. In this paper, we report on the first detailed study of the perceived benefits and risks of tracking—and the reasons behind them—conducted in the context of users’ own browsing histories. Prior work has studied this in the abstract─ in contrast, we collected browsing histories from and interviewed 35 people about the perceived benefits and risks of online tracking in the context of their own browsing behavior. We find that many users want more control over tracking and think that controlled tracking has benefits, but are unwilling to put in the effort to control tracking or distrust current tools. We confirm previous findings that users’ general attitudes about tracking are often at odds with their comfort in specific situations. We also identify specific situational factors that contribute to users’ preferences about online tracking and explore how and why. Finally, we examine a sample of popular tools for controlling tracking and show that they only partially address the situational factors driving users’ preferences. We suggest opportunities to improve such tools, and explore the use of a classifier to automatically determine whether a user would be comfortable with tracking on a particular page visit─ our results suggest this is a promising direction for future work.;online tracking, human factors
Volume 2015;Automated Experiments on Ad Privacy Settings;Amit Datta, Michael Carl Tschantz, Anupam Datta ;To partly address people’s concerns over web tracking, Google has created the Ad Settings webpage to provide information about and some choice over the profiles Google creates on users. We present AdFisher, an automated tool that explores how user behaviors, Google’s ads, and Ad Settings interact. AdFisher can run browser-based experiments and analyze data using machine learning and significance tests. Our tool uses a rigorous experimental design and statistical analysis to ensure the statistical soundness of our results. We use AdFisher to find that the Ad Settings was opaque about some features of a user’s profile, that it does provide some choice on ads, and that these choices can lead to seemingly discriminatory ads. In particular, we found that visiting webpages associated with substance abuse changed the ads shown but not the settings page. We also found that setting the gender to female resulted in getting fewer instances of an ad related to high paying jobs than setting it to male. We cannot determine who caused these findings due to our limited visibility into the ad ecosystem, which includes Google, advertisers, websites, and users. Nevertheless, these results can form the starting point for deeper investigations by either the companies themselves or by regulatory bodies.;blackbox analysis, information flow, behavioral advertising, transparency, choice, discrimination
Volume 2015;An Automated Approach for Complementing Ad Blockers’ Blacklists;David Gugelmann, Markus Happe, Bernhard Ager, Vincent Lenders ;Privacy in the Web has become a major concern resulting in the popular use of various tools for blocking tracking services. Most of these tools rely on manually maintained blacklists, which need to be kept up-to-date to protect Web users’ privacy efficiently. It is challenging to keep pace with today’s quickly evolving advertisement and analytics landscape. In order to support blacklist maintainers with this task, we identify a set of Web traffic features for identifying privacyintrusive services. Based on these features, we develop an automatic approach that learns the properties of advertisement and analytics services listed by existing blacklists and proposes new services for inclusion on blacklists. We evaluate our technique on real traffic traces of a campus network and find in the order of 200 new privacy-intrusive Web services that are not listed by the most popular Firefox plug-in Adblock Plus. The proposed Web traffic features are easy to derive, allowing a distributed implementation of our approach.;Privacy─ Web─ tracking─ advertisement─ analytics─ blacklist─ HTTP─ network measurement
